celex	unidade	epigrafe	linha_ini	linha_fim	tokens	ficheiro
31975L0107	Preâmbulo		18	36	312	ue/diretivas/1975/31975L0107.md
31975L0107	Artigo 1.º		40	50	219	ue/diretivas/1975/31975L0107.md
31975L0107	Artigo 2.º		52	56	71	ue/diretivas/1975/31975L0107.md
31975L0107	Artigo 3.º		58	60	83	ue/diretivas/1975/31975L0107.md
31975L0107	Artigo 4.º		62	66	115	ue/diretivas/1975/31975L0107.md
31975L0107	Artigo 5.º		68	80	61	ue/diretivas/1975/31975L0107.md
31975L0107	ANEXO I		82	142	1466	ue/diretivas/1975/31975L0107.md
31975L0107	ANEXO II		144	264	1101	ue/diretivas/1975/31975L0107.md
31975L0269	Preâmbulo		23	49	734	ue/diretivas/1975/31975L0269.md
31975L0269	Article 1		53	55	53	ue/diretivas/1975/31975L0269.md
31975L0269	Article 2		57	75	116	ue/diretivas/1975/31975L0269.md
31975L0271	Preâmbulo		36	60	924	ue/diretivas/1975/31975L0271.md
31975L0271	Article 1		64	68	69	ue/diretivas/1975/31975L0271.md
31975L0271	Article 2		70	72	72	ue/diretivas/1975/31975L0271.md
31975L0271	Article 3		74	152	269	ue/diretivas/1975/31975L0271.md
31975L0273	Preâmbulo		27	63	1224	ue/diretivas/1975/31975L0273.md
31975L0273	Article 1		67	69	56	ue/diretivas/1975/31975L0273.md
31975L0273	Article 2		71	73	70	ue/diretivas/1975/31975L0273.md
31975L0273	Article 3		75	811	5078	ue/diretivas/1975/31975L0273.md
31975L0274	Preâmbulo		19	49	923	ue/diretivas/1975/31975L0274.md
31975L0274	Article 1		53	55	56	ue/diretivas/1975/31975L0274.md
31975L0274	Article 2		57	101	228	ue/diretivas/1975/31975L0274.md
31975L0275	Preâmbulo		28	50	459	ue/diretivas/1975/31975L0275.md
31975L0275	Article 1		54	56	54	ue/diretivas/1975/31975L0275.md
31975L0275	Article 2		58	74	97	ue/diretivas/1975/31975L0275.md
31975L0324	Artigo 1.º		41	43	86	ue/diretivas/1975/31975L0324.md
31975L0324	Artigo 2.º		45	47	119	ue/diretivas/1975/31975L0324.md
31975L0324	Artigo 3.º		49	51	55	ue/diretivas/1975/31975L0324.md
31975L0324	Artigo 4.º		53	57	73	ue/diretivas/1975/31975L0324.md
31975L0324	Artigo 5.º		59	63	80	ue/diretivas/1975/31975L0324.md
31975L0324	Artigo 6.º		65	71	64	ue/diretivas/1975/31975L0324.md
31975L0324	Artigo 7.º		73	83	84	ue/diretivas/1975/31975L0324.md
31975L0324	Artigo 8.º		85	113	360	ue/diretivas/1975/31975L0324.md
31975L0324	Artigo 9.º		115	121	58	ue/diretivas/1975/31975L0324.md
31975L0324	Artigo 10.º		123	135	273	ue/diretivas/1975/31975L0324.md
31975L0324	Artigo 11.º		137	141	101	ue/diretivas/1975/31975L0324.md
31975L0324	Artigo 12.º		143	145	19	ue/diretivas/1975/31975L0324.md
31975L0324	ANEXO		147	770	10494	ue/diretivas/1975/31975L0324.md
